,SiO2,TiO2,Al2O3,FeO,MnO,MgO,CaO,Na2O,K2O,P2O5,Initial Temperature (C),Final Temperature (C),Increment Temperature (C),Initial Pressure (MPa),Final Pressure (MPa),Increment Pressure (MPa),dp/dt,H2O,log fo2 Path,Mode
0,54.509902750182995,1.4207257136881732,15.15788978354073,6.330586635992889,0.16714420161037333,8.012475164697271,9.621238105197115,2.9250235281815327,1.4834047892920632,0.27160932761685663,1400.0,500.0,10.0,0.1,0.1,0.0,0.0,0.1,NNO,Equilibrium
1,54.509902750182995,1.4207257136881732,15.15788978354073,6.330586635992889,0.16714420161037333,8.012475164697271,9.621238105197115,2.9250235281815327,1.4834047892920632,0.27160932761685663,1400.0,500.0,10.0,50.0,50.0,0.0,0.0,0.1,NNO,Equilibrium
2,54.509902750182995,1.4207257136881732,15.15788978354073,6.330586635992889,0.16714420161037333,8.012475164697271,9.621238105197115,2.9250235281815327,1.4834047892920632,0.27160932761685663,1400.0,500.0,10.0,100.0,100.0,0.0,0.0,0.1,NNO,Equilibrium
3,54.509902750182995,1.4207257136881732,15.15788978354073,6.330586635992889,0.16714420161037333,8.012475164697271,9.621238105197115,2.9250235281815327,1.4834047892920632,0.27160932761685663,1400.0,500.0,10.0,150.0,150.0,0.0,0.0,0.1,NNO,Equilibrium
4,54.509902750182995,1.4207257136881732,15.15788978354073,6.330586635992889,0.16714420161037333,8.012475164697271,9.621238105197115,2.9250235281815327,1.4834047892920632,0.27160932761685663,1400.0,500.0,10.0,200.0,200.0,0.0,0.0,0.1,NNO,Equilibrium
5,54.509902750182995,1.4207257136881732,15.15788978354073,6.330586635992889,0.16714420161037333,8.012475164697271,9.621238105197115,2.9250235281815327,1.4834047892920632,0.27160932761685663,1400.0,500.0,10.0,250.0,250.0,0.0,0.0,0.1,NNO,Equilibrium
6,54.509902750182995,1.4207257136881732,15.15788978354073,6.330586635992889,0.16714420161037333,8.012475164697271,9.621238105197115,2.9250235281815327,1.4834047892920632,0.27160932761685663,1400.0,500.0,10.0,300.0,300.0,0.0,0.0,0.1,NNO,Equilibrium
7,54.509902750182995,1.4207257136881732,15.15788978354073,6.330586635992889,0.16714420161037333,8.012475164697271,9.621238105197115,2.9250235281815327,1.4834047892920632,0.27160932761685663,1400.0,500.0,10.0,350.0,350.0,0.0,0.0,0.1,NNO,Equilibrium
8,54.509902750182995,1.4207257136881732,15.15788978354073,6.330586635992889,0.16714420161037333,8.012475164697271,9.621238105197115,2.9250235281815327,1.4834047892920632,0.27160932761685663,1400.0,500.0,10.0,400.0,400.0,0.0,0.0,0.1,NNO,Equilibrium
9,54.509902750182995,1.4207257136881732,15.15788978354073,6.330586635992889,0.16714420161037333,8.012475164697271,9.621238105197115,2.9250235281815327,1.4834047892920632,0.27160932761685663,1400.0,500.0,10.0,450.0,450.0,0.0,0.0,0.1,NNO,Equilibrium
10,54.509902750182995,1.4207257136881732,15.15788978354073,6.330586635992889,0.16714420161037333,8.012475164697271,9.621238105197115,2.9250235281815327,1.4834047892920632,0.27160932761685663,1400.0,500.0,10.0,500.0,500.0,0.0,0.0,0.1,NNO,Equilibrium
11,54.509902750182995,1.4207257136881732,15.15788978354073,6.330586635992889,0.16714420161037333,8.012475164697271,9.621238105197115,2.9250235281815327,1.4834047892920632,0.27160932761685663,1400.0,500.0,10.0,550.0,550.0,0.0,0.0,0.1,NNO,Equilibrium
12,54.509902750182995,1.4207257136881732,15.15788978354073,6.330586635992889,0.16714420161037333,8.012475164697271,9.621238105197115,2.9250235281815327,1.4834047892920632,0.27160932761685663,1400.0,500.0,10.0,600.0,600.0,0.0,0.0,0.1,NNO,Equilibrium
13,54.01882254522639,1.4079263829342257,15.021332217923245,6.273554323956916,0.16563839799226185,7.9402907037540515,9.534560284429572,2.898671964864582,1.4700407821813237,0.2691623967374255,1400.0,500.0,10.0,0.1,0.1,0.0,0.0,1.0,NNO,Equilibrium
14,54.01882254522639,1.4079263829342257,15.021332217923245,6.273554323956916,0.16563839799226185,7.9402907037540515,9.534560284429572,2.898671964864582,1.4700407821813237,0.2691623967374255,1400.0,500.0,10.0,50.0,50.0,0.0,0.0,1.0,NNO,Equilibrium
15,54.01882254522639,1.4079263829342257,15.021332217923245,6.273554323956916,0.16563839799226185,7.9402907037540515,9.534560284429572,2.898671964864582,1.4700407821813237,0.2691623967374255,1400.0,500.0,10.0,100.0,100.0,0.0,0.0,1.0,NNO,Equilibrium
16,54.01882254522639,1.4079263829342257,15.021332217923245,6.273554323956916,0.16563839799226185,7.9402907037540515,9.534560284429572,2.898671964864582,1.4700407821813237,0.2691623967374255,1400.0,500.0,10.0,150.0,150.0,0.0,0.0,1.0,NNO,Equilibrium
17,54.01882254522639,1.4079263829342257,15.021332217923245,6.273554323956916,0.16563839799226185,7.9402907037540515,9.534560284429572,2.898671964864582,1.4700407821813237,0.2691623967374255,1400.0,500.0,10.0,200.0,200.0,0.0,0.0,1.0,NNO,Equilibrium
18,54.01882254522639,1.4079263829342257,15.021332217923245,6.273554323956916,0.16563839799226185,7.9402907037540515,9.534560284429572,2.898671964864582,1.4700407821813237,0.2691623967374255,1400.0,500.0,10.0,250.0,250.0,0.0,0.0,1.0,NNO,Equilibrium
19,54.01882254522639,1.4079263829342257,15.021332217923245,6.273554323956916,0.16563839799226185,7.9402907037540515,9.534560284429572,2.898671964864582,1.4700407821813237,0.2691623967374255,1400.0,500.0,10.0,300.0,300.0,0.0,0.0,1.0,NNO,Equilibrium
20,54.01882254522639,1.4079263829342257,15.021332217923245,6.273554323956916,0.16563839799226185,7.9402907037540515,9.534560284429572,2.898671964864582,1.4700407821813237,0.2691623967374255,1400.0,500.0,10.0,350.0,350.0,0.0,0.0,1.0,NNO,Equilibrium
21,54.01882254522639,1.4079263829342257,15.021332217923245,6.273554323956916,0.16563839799226185,7.9402907037540515,9.534560284429572,2.898671964864582,1.4700407821813237,0.2691623967374255,1400.0,500.0,10.0,400.0,400.0,0.0,0.0,1.0,NNO,Equilibrium
22,54.01882254522639,1.4079263829342257,15.021332217923245,6.273554323956916,0.16563839799226185,7.9402907037540515,9.534560284429572,2.898671964864582,1.4700407821813237,0.2691623967374255,1400.0,500.0,10.0,450.0,450.0,0.0,0.0,1.0,NNO,Equilibrium
23,54.01882254522639,1.4079263829342257,15.021332217923245,6.273554323956916,0.16563839799226185,7.9402907037540515,9.534560284429572,2.898671964864582,1.4700407821813237,0.2691623967374255,1400.0,500.0,10.0,500.0,500.0,0.0,0.0,1.0,NNO,Equilibrium
24,54.01882254522639,1.4079263829342257,15.021332217923245,6.273554323956916,0.16563839799226185,7.9402907037540515,9.534560284429572,2.898671964864582,1.4700407821813237,0.2691623967374255,1400.0,500.0,10.0,550.0,550.0,0.0,0.0,1.0,NNO,Equilibrium
25,54.01882254522639,1.4079263829342257,15.021332217923245,6.273554323956916,0.16563839799226185,7.9402907037540515,9.534560284429572,2.898671964864582,1.4700407821813237,0.2691623967374255,1400.0,500.0,10.0,600.0,600.0,0.0,0.0,1.0,NNO,Equilibrium
26,53.473177873052386,1.3937049043187284,14.869601589459373,6.210185088361392,0.16396528286102688,7.8600857471504755,9.43825159468786,2.86939245006797,1.4551918853916133,0.2664435846491687,1400.0,500.0,10.0,0.1,0.1,0.0,0.0,2.0,NNO,Equilibrium
27,53.473177873052386,1.3937049043187284,14.869601589459373,6.210185088361392,0.16396528286102688,7.8600857471504755,9.43825159468786,2.86939245006797,1.4551918853916133,0.2664435846491687,1400.0,500.0,10.0,50.0,50.0,0.0,0.0,2.0,NNO,Equilibrium
28,53.473177873052386,1.3937049043187284,14.869601589459373,6.210185088361392,0.16396528286102688,7.8600857471504755,9.43825159468786,2.86939245006797,1.4551918853916133,0.2664435846491687,1400.0,500.0,10.0,100.0,100.0,0.0,0.0,2.0,NNO,Equilibrium
29,53.473177873052386,1.3937049043187284,14.869601589459373,6.210185088361392,0.16396528286102688,7.8600857471504755,9.43825159468786,2.86939245006797,1.4551918853916133,0.2664435846491687,1400.0,500.0,10.0,150.0,150.0,0.0,0.0,2.0,NNO,Equilibrium
30,53.473177873052386,1.3937049043187284,14.869601589459373,6.210185088361392,0.16396528286102688,7.8600857471504755,9.43825159468786,2.86939245006797,1.4551918853916133,0.2664435846491687,1400.0,500.0,10.0,200.0,200.0,0.0,0.0,2.0,NNO,Equilibrium
31,53.473177873052386,1.3937049043187284,14.869601589459373,6.210185088361392,0.16396528286102688,7.8600857471504755,9.43825159468786,2.86939245006797,1.4551918853916133,0.2664435846491687,1400.0,500.0,10.0,250.0,250.0,0.0,0.0,2.0,NNO,Equilibrium
32,53.473177873052386,1.3937049043187284,14.869601589459373,6.210185088361392,0.16396528286102688,7.8600857471504755,9.43825159468786,2.86939245006797,1.4551918853916133,0.2664435846491687,1400.0,500.0,10.0,300.0,300.0,0.0,0.0,2.0,NNO,Equilibrium
33,53.473177873052386,1.3937049043187284,14.869601589459373,6.210185088361392,0.16396528286102688,7.8600857471504755,9.43825159468786,2.86939245006797,1.4551918853916133,0.2664435846491687,1400.0,500.0,10.0,350.0,350.0,0.0,0.0,2.0,NNO,Equilibrium
34,53.473177873052386,1.3937049043187284,14.869601589459373,6.210185088361392,0.16396528286102688,7.8600857471504755,9.43825159468786,2.86939245006797,1.4551918853916133,0.2664435846491687,1400.0,500.0,10.0,400.0,400.0,0.0,0.0,2.0,NNO,Equilibrium
35,53.473177873052386,1.3937049043187284,14.869601589459373,6.210185088361392,0.16396528286102688,7.8600857471504755,9.43825159468786,2.86939245006797,1.4551918853916133,0.2664435846491687,1400.0,500.0,10.0,450.0,450.0,0.0,0.0,2.0,NNO,Equilibrium
36,53.473177873052386,1.3937049043187284,14.869601589459373,6.210185088361392,0.16396528286102688,7.8600857471504755,9.43825159468786,2.86939245006797,1.4551918853916133,0.2664435846491687,1400.0,500.0,10.0,500.0,500.0,0.0,0.0,2.0,NNO,Equilibrium
37,53.473177873052386,1.3937049043187284,14.869601589459373,6.210185088361392,0.16396528286102688,7.8600857471504755,9.43825159468786,2.86939245006797,1.4551918853916133,0.2664435846491687,1400.0,500.0,10.0,550.0,550.0,0.0,0.0,2.0,NNO,Equilibrium
38,53.473177873052386,1.3937049043187284,14.869601589459373,6.210185088361392,0.16396528286102688,7.8600857471504755,9.43825159468786,2.86939245006797,1.4551918853916133,0.2664435846491687,1400.0,500.0,10.0,600.0,600.0,0.0,0.0,2.0,NNO,Equilibrium
39,52.92753320087838,1.3794834257032311,14.717870960995501,6.146815852765868,0.1622921677297919,7.7798807905468985,9.341942904946146,2.840112935271358,1.440342988601903,0.2637247725609118,1400.0,500.0,10.0,0.1,0.1,0.0,0.0,3.0,NNO,Equilibrium
40,52.92753320087838,1.3794834257032311,14.717870960995501,6.146815852765868,0.1622921677297919,7.7798807905468985,9.341942904946146,2.840112935271358,1.440342988601903,0.2637247725609118,1400.0,500.0,10.0,50.0,50.0,0.0,0.0,3.0,NNO,Equilibrium
41,52.92753320087838,1.3794834257032311,14.717870960995501,6.146815852765868,0.1622921677297919,7.7798807905468985,9.341942904946146,2.840112935271358,1.440342988601903,0.2637247725609118,1400.0,500.0,10.0,100.0,100.0,0.0,0.0,3.0,NNO,Equilibrium
42,52.92753320087838,1.3794834257032311,14.717870960995501,6.146815852765868,0.1622921677297919,7.7798807905468985,9.341942904946146,2.840112935271358,1.440342988601903,0.2637247725609118,1400.0,500.0,10.0,150.0,150.0,0.0,0.0,3.0,NNO,Equilibrium
43,52.92753320087838,1.3794834257032311,14.717870960995501,6.146815852765868,0.1622921677297919,7.7798807905468985,9.341942904946146,2.840112935271358,1.440342988601903,0.2637247725609118,1400.0,500.0,10.0,200.0,200.0,0.0,0.0,3.0,NNO,Equilibrium
44,52.92753320087838,1.3794834257032311,14.717870960995501,6.146815852765868,0.1622921677297919,7.7798807905468985,9.341942904946146,2.840112935271358,1.440342988601903,0.2637247725609118,1400.0,500.0,10.0,250.0,250.0,0.0,0.0,3.0,NNO,Equilibrium
45,52.92753320087838,1.3794834257032311,14.717870960995501,6.146815852765868,0.1622921677297919,7.7798807905468985,9.341942904946146,2.840112935271358,1.440342988601903,0.2637247725609118,1400.0,500.0,10.0,300.0,300.0,0.0,0.0,3.0,NNO,Equilibrium
46,52.92753320087838,1.3794834257032311,14.717870960995501,6.146815852765868,0.1622921677297919,7.7798807905468985,9.341942904946146,2.840112935271358,1.440342988601903,0.2637247725609118,1400.0,500.0,10.0,350.0,350.0,0.0,0.0,3.0,NNO,Equilibrium
47,52.92753320087838,1.3794834257032311,14.717870960995501,6.146815852765868,0.1622921677297919,7.7798807905468985,9.341942904946146,2.840112935271358,1.440342988601903,0.2637247725609118,1400.0,500.0,10.0,400.0,400.0,0.0,0.0,3.0,NNO,Equilibrium
48,52.92753320087838,1.3794834257032311,14.717870960995501,6.146815852765868,0.1622921677297919,7.7798807905468985,9.341942904946146,2.840112935271358,1.440342988601903,0.2637247725609118,1400.0,500.0,10.0,450.0,450.0,0.0,0.0,3.0,NNO,Equilibrium
49,52.92753320087838,1.3794834257032311,14.717870960995501,6.146815852765868,0.1622921677297919,7.7798807905468985,9.341942904946146,2.840112935271358,1.440342988601903,0.2637247725609118,1400.0,500.0,10.0,500.0,500.0,0.0,0.0,3.0,NNO,Equilibrium
50,52.92753320087838,1.3794834257032311,14.717870960995501,6.146815852765868,0.1622921677297919,7.7798807905468985,9.341942904946146,2.840112935271358,1.440342988601903,0.2637247725609118,1400.0,500.0,10.0,550.0,550.0,0.0,0.0,3.0,NNO,Equilibrium
51,52.92753320087838,1.3794834257032311,14.717870960995501,6.146815852765868,0.1622921677297919,7.7798807905468985,9.341942904946146,2.840112935271358,1.440342988601903,0.2637247725609118,1400.0,500.0,10.0,600.0,600.0,0.0,0.0,3.0,NNO,Equilibrium
52,52.38188852870437,1.3652619470877339,14.56614033253163,6.083446617170343,0.1606190525985569,7.6996758339433224,9.245634215204433,2.810833420474746,1.4254940918121926,0.261005960472655,1400.0,500.0,10.0,0.1,0.1,0.0,0.0,4.0,NNO,Equilibrium
53,52.38188852870437,1.3652619470877339,14.56614033253163,6.083446617170343,0.1606190525985569,7.6996758339433224,9.245634215204433,2.810833420474746,1.4254940918121926,0.261005960472655,1400.0,500.0,10.0,50.0,50.0,0.0,0.0,4.0,NNO,Equilibrium
54,52.38188852870437,1.3652619470877339,14.56614033253163,6.083446617170343,0.1606190525985569,7.6996758339433224,9.245634215204433,2.810833420474746,1.4254940918121926,0.261005960472655,1400.0,500.0,10.0,100.0,100.0,0.0,0.0,4.0,NNO,Equilibrium
55,52.38188852870437,1.3652619470877339,14.56614033253163,6.083446617170343,0.1606190525985569,7.6996758339433224,9.245634215204433,2.810833420474746,1.4254940918121926,0.261005960472655,1400.0,500.0,10.0,150.0,150.0,0.0,0.0,4.0,NNO,Equilibrium
56,52.38188852870437,1.3652619470877339,14.56614033253163,6.083446617170343,0.1606190525985569,7.6996758339433224,9.245634215204433,2.810833420474746,1.4254940918121926,0.261005960472655,1400.0,500.0,10.0,200.0,200.0,0.0,0.0,4.0,NNO,Equilibrium
57,52.38188852870437,1.3652619470877339,14.56614033253163,6.083446617170343,0.1606190525985569,7.6996758339433224,9.245634215204433,2.810833420474746,1.4254940918121926,0.261005960472655,1400.0,500.0,10.0,250.0,250.0,0.0,0.0,4.0,NNO,Equilibrium
58,52.38188852870437,1.3652619470877339,14.56614033253163,6.083446617170343,0.1606190525985569,7.6996758339433224,9.245634215204433,2.810833420474746,1.4254940918121926,0.261005960472655,1400.0,500.0,10.0,300.0,300.0,0.0,0.0,4.0,NNO,Equilibrium
59,52.38188852870437,1.3652619470877339,14.56614033253163,6.083446617170343,0.1606190525985569,7.6996758339433224,9.245634215204433,2.810833420474746,1.4254940918121926,0.261005960472655,1400.0,500.0,10.0,350.0,350.0,0.0,0.0,4.0,NNO,Equilibrium
60,52.38188852870437,1.3652619470877339,14.56614033253163,6.083446617170343,0.1606190525985569,7.6996758339433224,9.245634215204433,2.810833420474746,1.4254940918121926,0.261005960472655,1400.0,500.0,10.0,400.0,400.0,0.0,0.0,4.0,NNO,Equilibrium
61,52.38188852870437,1.3652619470877339,14.56614033253163,6.083446617170343,0.1606190525985569,7.6996758339433224,9.245634215204433,2.810833420474746,1.4254940918121926,0.261005960472655,1400.0,500.0,10.0,450.0,450.0,0.0,0.0,4.0,NNO,Equilibrium
62,52.38188852870437,1.3652619470877339,14.56614033253163,6.083446617170343,0.1606190525985569,7.6996758339433224,9.245634215204433,2.810833420474746,1.4254940918121926,0.261005960472655,1400.0,500.0,10.0,500.0,500.0,0.0,0.0,4.0,NNO,Equilibrium
63,52.38188852870437,1.3652619470877339,14.56614033253163,6.083446617170343,0.1606190525985569,7.6996758339433224,9.245634215204433,2.810833420474746,1.4254940918121926,0.261005960472655,1400.0,500.0,10.0,550.0,550.0,0.0,0.0,4.0,NNO,Equilibrium
64,52.38188852870437,1.3652619470877339,14.56614033253163,6.083446617170343,0.1606190525985569,7.6996758339433224,9.245634215204433,2.810833420474746,1.4254940918121926,0.261005960472655,1400.0,500.0,10.0,600.0,600.0,0.0,0.0,4.0,NNO,Equilibrium
65,51.836243856530366,1.3510404684722366,14.41440970406776,6.0200773815748185,0.15894593746732194,7.6194708773397455,9.14932552546272,2.781553905678134,1.4106451950224823,0.25828714838439815,1400.0,500.0,10.0,0.1,0.1,0.0,0.0,5.0,NNO,Equilibrium
66,51.836243856530366,1.3510404684722366,14.41440970406776,6.0200773815748185,0.15894593746732194,7.6194708773397455,9.14932552546272,2.781553905678134,1.4106451950224823,0.25828714838439815,1400.0,500.0,10.0,50.0,50.0,0.0,0.0,5.0,NNO,Equilibrium
67,51.836243856530366,1.3510404684722366,14.41440970406776,6.0200773815748185,0.15894593746732194,7.6194708773397455,9.14932552546272,2.781553905678134,1.4106451950224823,0.25828714838439815,1400.0,500.0,10.0,100.0,100.0,0.0,0.0,5.0,NNO,Equilibrium
68,51.836243856530366,1.3510404684722366,14.41440970406776,6.0200773815748185,0.15894593746732194,7.6194708773397455,9.14932552546272,2.781553905678134,1.4106451950224823,0.25828714838439815,1400.0,500.0,10.0,150.0,150.0,0.0,0.0,5.0,NNO,Equilibrium
69,51.836243856530366,1.3510404684722366,14.41440970406776,6.0200773815748185,0.15894593746732194,7.6194708773397455,9.14932552546272,2.781553905678134,1.4106451950224823,0.25828714838439815,1400.0,500.0,10.0,200.0,200.0,0.0,0.0,5.0,NNO,Equilibrium
70,51.836243856530366,1.3510404684722366,14.41440970406776,6.0200773815748185,0.15894593746732194,7.6194708773397455,9.14932552546272,2.781553905678134,1.4106451950224823,0.25828714838439815,1400.0,500.0,10.0,250.0,250.0,0.0,0.0,5.0,NNO,Equilibrium
71,51.836243856530366,1.3510404684722366,14.41440970406776,6.0200773815748185,0.15894593746732194,7.6194708773397455,9.14932552546272,2.781553905678134,1.4106451950224823,0.25828714838439815,1400.0,500.0,10.0,300.0,300.0,0.0,0.0,5.0,NNO,Equilibrium
72,51.836243856530366,1.3510404684722366,14.41440970406776,6.0200773815748185,0.15894593746732194,7.6194708773397455,9.14932552546272,2.781553905678134,1.4106451950224823,0.25828714838439815,1400.0,500.0,10.0,350.0,350.0,0.0,0.0,5.0,NNO,Equilibrium
73,51.836243856530366,1.3510404684722366,14.41440970406776,6.0200773815748185,0.15894593746732194,7.6194708773397455,9.14932552546272,2.781553905678134,1.4106451950224823,0.25828714838439815,1400.0,500.0,10.0,400.0,400.0,0.0,0.0,5.0,NNO,Equilibrium
74,51.836243856530366,1.3510404684722366,14.41440970406776,6.0200773815748185,0.15894593746732194,7.6194708773397455,9.14932552546272,2.781553905678134,1.4106451950224823,0.25828714838439815,1400.0,500.0,10.0,450.0,450.0,0.0,0.0,5.0,NNO,Equilibrium
75,51.836243856530366,1.3510404684722366,14.41440970406776,6.0200773815748185,0.15894593746732194,7.6194708773397455,9.14932552546272,2.781553905678134,1.4106451950224823,0.25828714838439815,1400.0,500.0,10.0,500.0,500.0,0.0,0.0,5.0,NNO,Equilibrium
76,51.836243856530366,1.3510404684722366,14.41440970406776,6.0200773815748185,0.15894593746732194,7.6194708773397455,9.14932552546272,2.781553905678134,1.4106451950224823,0.25828714838439815,1400.0,500.0,10.0,550.0,550.0,0.0,0.0,5.0,NNO,Equilibrium
77,51.836243856530366,1.3510404684722366,14.41440970406776,6.0200773815748185,0.15894593746732194,7.6194708773397455,9.14932552546272,2.781553905678134,1.4106451950224823,0.25828714838439815,1400.0,500.0,10.0,600.0,600.0,0.0,0.0,5.0,NNO,Equilibrium
78,54.509902750182995,1.4207257136881732,15.15788978354073,6.330586635992889,0.16714420161037333,8.012475164697271,9.621238105197115,2.9250235281815327,1.4834047892920632,0.27160932761685663,1400.0,500.0,10.0,0.1,0.1,0.0,0.0,0.1,FMQ,Equilibrium
79,54.509902750182995,1.4207257136881732,15.15788978354073,6.330586635992889,0.16714420161037333,8.012475164697271,9.621238105197115,2.9250235281815327,1.4834047892920632,0.27160932761685663,1400.0,500.0,10.0,50.0,50.0,0.0,0.0,0.1,FMQ,Equilibrium
80,54.509902750182995,1.4207257136881732,15.15788978354073,6.330586635992889,0.16714420161037333,8.012475164697271,9.621238105197115,2.9250235281815327,1.4834047892920632,0.27160932761685663,1400.0,500.0,10.0,100.0,100.0,0.0,0.0,0.1,FMQ,Equilibrium
81,54.509902750182995,1.4207257136881732,15.15788978354073,6.330586635992889,0.16714420161037333,8.012475164697271,9.621238105197115,2.9250235281815327,1.4834047892920632,0.27160932761685663,1400.0,500.0,10.0,150.0,150.0,0.0,0.0,0.1,FMQ,Equilibrium
82,54.509902750182995,1.4207257136881732,15.15788978354073,6.330586635992889,0.16714420161037333,8.012475164697271,9.621238105197115,2.9250235281815327,1.4834047892920632,0.27160932761685663,1400.0,500.0,10.0,200.0,200.0,0.0,0.0,0.1,FMQ,Equilibrium
83,54.509902750182995,1.4207257136881732,15.15788978354073,6.330586635992889,0.16714420161037333,8.012475164697271,9.621238105197115,2.9250235281815327,1.4834047892920632,0.27160932761685663,1400.0,500.0,10.0,250.0,250.0,0.0,0.0,0.1,FMQ,Equilibrium
84,54.509902750182995,1.4207257136881732,15.15788978354073,6.330586635992889,0.16714420161037333,8.012475164697271,9.621238105197115,2.9250235281815327,1.4834047892920632,0.27160932761685663,1400.0,500.0,10.0,300.0,300.0,0.0,0.0,0.1,FMQ,Equilibrium
85,54.509902750182995,1.4207257136881732,15.15788978354073,6.330586635992889,0.16714420161037333,8.012475164697271,9.621238105197115,2.9250235281815327,1.4834047892920632,0.27160932761685663,1400.0,500.0,10.0,350.0,350.0,0.0,0.0,0.1,FMQ,Equilibrium
86,54.509902750182995,1.4207257136881732,15.15788978354073,6.330586635992889,0.16714420161037333,8.012475164697271,9.621238105197115,2.9250235281815327,1.4834047892920632,0.27160932761685663,1400.0,500.0,10.0,400.0,400.0,0.0,0.0,0.1,FMQ,Equilibrium
87,54.509902750182995,1.4207257136881732,15.15788978354073,6.330586635992889,0.16714420161037333,8.012475164697271,9.621238105197115,2.9250235281815327,1.4834047892920632,0.27160932761685663,1400.0,500.0,10.0,450.0,450.0,0.0,0.0,0.1,FMQ,Equilibrium
88,54.509902750182995,1.4207257136881732,15.15788978354073,6.330586635992889,0.16714420161037333,8.012475164697271,9.621238105197115,2.9250235281815327,1.4834047892920632,0.27160932761685663,1400.0,500.0,10.0,500.0,500.0,0.0,0.0,0.1,FMQ,Equilibrium
89,54.509902750182995,1.4207257136881732,15.15788978354073,6.330586635992889,0.16714420161037333,8.012475164697271,9.621238105197115,2.9250235281815327,1.4834047892920632,0.27160932761685663,1400.0,500.0,10.0,550.0,550.0,0.0,0.0,0.1,FMQ,Equilibrium
90,54.509902750182995,1.4207257136881732,15.15788978354073,6.330586635992889,0.16714420161037333,8.012475164697271,9.621238105197115,2.9250235281815327,1.4834047892920632,0.27160932761685663,1400.0,500.0,10.0,600.0,600.0,0.0,0.0,0.1,FMQ,Equilibrium
91,54.01882254522639,1.4079263829342257,15.021332217923245,6.273554323956916,0.16563839799226185,7.9402907037540515,9.534560284429572,2.898671964864582,1.4700407821813237,0.2691623967374255,1400.0,500.0,10.0,0.1,0.1,0.0,0.0,1.0,FMQ,Equilibrium
92,54.01882254522639,1.4079263829342257,15.021332217923245,6.273554323956916,0.16563839799226185,7.9402907037540515,9.534560284429572,2.898671964864582,1.4700407821813237,0.2691623967374255,1400.0,500.0,10.0,50.0,50.0,0.0,0.0,1.0,FMQ,Equilibrium
93,54.01882254522639,1.4079263829342257,15.021332217923245,6.273554323956916,0.16563839799226185,7.9402907037540515,9.534560284429572,2.898671964864582,1.4700407821813237,0.2691623967374255,1400.0,500.0,10.0,100.0,100.0,0.0,0.0,1.0,FMQ,Equilibrium
94,54.01882254522639,1.4079263829342257,15.021332217923245,6.273554323956916,0.16563839799226185,7.9402907037540515,9.534560284429572,2.898671964864582,1.4700407821813237,0.2691623967374255,1400.0,500.0,10.0,150.0,150.0,0.0,0.0,1.0,FMQ,Equilibrium
95,54.01882254522639,1.4079263829342257,15.021332217923245,6.273554323956916,0.16563839799226185,7.9402907037540515,9.534560284429572,2.898671964864582,1.4700407821813237,0.2691623967374255,1400.0,500.0,10.0,200.0,200.0,0.0,0.0,1.0,FMQ,Equilibrium
96,54.01882254522639,1.4079263829342257,15.021332217923245,6.273554323956916,0.16563839799226185,7.9402907037540515,9.534560284429572,2.898671964864582,1.4700407821813237,0.2691623967374255,1400.0,500.0,10.0,250.0,250.0,0.0,0.0,1.0,FMQ,Equilibrium
97,54.01882254522639,1.4079263829342257,15.021332217923245,6.273554323956916,0.16563839799226185,7.9402907037540515,9.534560284429572,2.898671964864582,1.4700407821813237,0.2691623967374255,1400.0,500.0,10.0,300.0,300.0,0.0,0.0,1.0,FMQ,Equilibrium
98,54.01882254522639,1.4079263829342257,15.021332217923245,6.273554323956916,0.16563839799226185,7.9402907037540515,9.534560284429572,2.898671964864582,1.4700407821813237,0.2691623967374255,1400.0,500.0,10.0,350.0,350.0,0.0,0.0,1.0,FMQ,Equilibrium
99,54.01882254522639,1.4079263829342257,15.021332217923245,6.273554323956916,0.16563839799226185,7.9402907037540515,9.534560284429572,2.898671964864582,1.4700407821813237,0.2691623967374255,1400.0,500.0,10.0,400.0,400.0,0.0,0.0,1.0,FMQ,Equilibrium
100,54.01882254522639,1.4079263829342257,15.021332217923245,6.273554323956916,0.16563839799226185,7.9402907037540515,9.534560284429572,2.898671964864582,1.4700407821813237,0.2691623967374255,1400.0,500.0,10.0,450.0,450.0,0.0,0.0,1.0,FMQ,Equilibrium
101,54.01882254522639,1.4079263829342257,15.021332217923245,6.273554323956916,0.16563839799226185,7.9402907037540515,9.534560284429572,2.898671964864582,1.4700407821813237,0.2691623967374255,1400.0,500.0,10.0,500.0,500.0,0.0,0.0,1.0,FMQ,Equilibrium
102,54.01882254522639,1.4079263829342257,15.021332217923245,6.273554323956916,0.16563839799226185,7.9402907037540515,9.534560284429572,2.898671964864582,1.4700407821813237,0.2691623967374255,1400.0,500.0,10.0,550.0,550.0,0.0,0.0,1.0,FMQ,Equilibrium
103,54.01882254522639,1.4079263829342257,15.021332217923245,6.273554323956916,0.16563839799226185,7.9402907037540515,9.534560284429572,2.898671964864582,1.4700407821813237,0.2691623967374255,1400.0,500.0,10.0,600.0,600.0,0.0,0.0,1.0,FMQ,Equilibrium
104,53.473177873052386,1.3937049043187284,14.869601589459373,6.210185088361392,0.16396528286102688,7.8600857471504755,9.43825159468786,2.86939245006797,1.4551918853916133,0.2664435846491687,1400.0,500.0,10.0,0.1,0.1,0.0,0.0,2.0,FMQ,Equilibrium
105,53.473177873052386,1.3937049043187284,14.869601589459373,6.210185088361392,0.16396528286102688,7.8600857471504755,9.43825159468786,2.86939245006797,1.4551918853916133,0.2664435846491687,1400.0,500.0,10.0,50.0,50.0,0.0,0.0,2.0,FMQ,Equilibrium
106,53.473177873052386,1.3937049043187284,14.869601589459373,6.210185088361392,0.16396528286102688,7.8600857471504755,9.43825159468786,2.86939245006797,1.4551918853916133,0.2664435846491687,1400.0,500.0,10.0,100.0,100.0,0.0,0.0,2.0,FMQ,Equilibrium
107,53.473177873052386,1.3937049043187284,14.869601589459373,6.210185088361392,0.16396528286102688,7.8600857471504755,9.43825159468786,2.86939245006797,1.4551918853916133,0.2664435846491687,1400.0,500.0,10.0,150.0,150.0,0.0,0.0,2.0,FMQ,Equilibrium
108,53.473177873052386,1.3937049043187284,14.869601589459373,6.210185088361392,0.16396528286102688,7.8600857471504755,9.43825159468786,2.86939245006797,1.4551918853916133,0.2664435846491687,1400.0,500.0,10.0,200.0,200.0,0.0,0.0,2.0,FMQ,Equilibrium
109,53.473177873052386,1.3937049043187284,14.869601589459373,6.210185088361392,0.16396528286102688,7.8600857471504755,9.43825159468786,2.86939245006797,1.4551918853916133,0.2664435846491687,1400.0,500.0,10.0,250.0,250.0,0.0,0.0,2.0,FMQ,Equilibrium
110,53.473177873052386,1.3937049043187284,14.869601589459373,6.210185088361392,0.16396528286102688,7.8600857471504755,9.43825159468786,2.86939245006797,1.4551918853916133,0.2664435846491687,1400.0,500.0,10.0,300.0,300.0,0.0,0.0,2.0,FMQ,Equilibrium
111,53.473177873052386,1.3937049043187284,14.869601589459373,6.210185088361392,0.16396528286102688,7.8600857471504755,9.43825159468786,2.86939245006797,1.4551918853916133,0.2664435846491687,1400.0,500.0,10.0,350.0,350.0,0.0,0.0,2.0,FMQ,Equilibrium
112,53.473177873052386,1.3937049043187284,14.869601589459373,6.210185088361392,0.16396528286102688,7.8600857471504755,9.43825159468786,2.86939245006797,1.4551918853916133,0.2664435846491687,1400.0,500.0,10.0,400.0,400.0,0.0,0.0,2.0,FMQ,Equilibrium
113,53.473177873052386,1.3937049043187284,14.869601589459373,6.210185088361392,0.16396528286102688,7.8600857471504755,9.43825159468786,2.86939245006797,1.4551918853916133,0.2664435846491687,1400.0,500.0,10.0,450.0,450.0,0.0,0.0,2.0,FMQ,Equilibrium
114,53.473177873052386,1.3937049043187284,14.869601589459373,6.210185088361392,0.16396528286102688,7.8600857471504755,9.43825159468786,2.86939245006797,1.4551918853916133,0.2664435846491687,1400.0,500.0,10.0,500.0,500.0,0.0,0.0,2.0,FMQ,Equilibrium
115,53.473177873052386,1.3937049043187284,14.869601589459373,6.210185088361392,0.16396528286102688,7.8600857471504755,9.43825159468786,2.86939245006797,1.4551918853916133,0.2664435846491687,1400.0,500.0,10.0,550.0,550.0,0.0,0.0,2.0,FMQ,Equilibrium
116,53.473177873052386,1.3937049043187284,14.869601589459373,6.210185088361392,0.16396528286102688,7.8600857471504755,9.43825159468786,2.86939245006797,1.4551918853916133,0.2664435846491687,1400.0,500.0,10.0,600.0,600.0,0.0,0.0,2.0,FMQ,Equilibrium
117,52.92753320087838,1.3794834257032311,14.717870960995501,6.146815852765868,0.1622921677297919,7.7798807905468985,9.341942904946146,2.840112935271358,1.440342988601903,0.2637247725609118,1400.0,500.0,10.0,0.1,0.1,0.0,0.0,3.0,FMQ,Equilibrium
118,52.92753320087838,1.3794834257032311,14.717870960995501,6.146815852765868,0.1622921677297919,7.7798807905468985,9.341942904946146,2.840112935271358,1.440342988601903,0.2637247725609118,1400.0,500.0,10.0,50.0,50.0,0.0,0.0,3.0,FMQ,Equilibrium
119,52.92753320087838,1.3794834257032311,14.717870960995501,6.146815852765868,0.1622921677297919,7.7798807905468985,9.341942904946146,2.840112935271358,1.440342988601903,0.2637247725609118,1400.0,500.0,10.0,100.0,100.0,0.0,0.0,3.0,FMQ,Equilibrium
120,52.92753320087838,1.3794834257032311,14.717870960995501,6.146815852765868,0.1622921677297919,7.7798807905468985,9.341942904946146,2.840112935271358,1.440342988601903,0.2637247725609118,1400.0,500.0,10.0,150.0,150.0,0.0,0.0,3.0,FMQ,Equilibrium
121,52.92753320087838,1.3794834257032311,14.717870960995501,6.146815852765868,0.1622921677297919,7.7798807905468985,9.341942904946146,2.840112935271358,1.440342988601903,0.2637247725609118,1400.0,500.0,10.0,200.0,200.0,0.0,0.0,3.0,FMQ,Equilibrium
122,52.92753320087838,1.3794834257032311,14.717870960995501,6.146815852765868,0.1622921677297919,7.7798807905468985,9.341942904946146,2.840112935271358,1.440342988601903,0.2637247725609118,1400.0,500.0,10.0,250.0,250.0,0.0,0.0,3.0,FMQ,Equilibrium
123,52.92753320087838,1.3794834257032311,14.717870960995501,6.146815852765868,0.1622921677297919,7.7798807905468985,9.341942904946146,2.840112935271358,1.440342988601903,0.2637247725609118,1400.0,500.0,10.0,300.0,300.0,0.0,0.0,3.0,FMQ,Equilibrium
124,52.92753320087838,1.3794834257032311,14.717870960995501,6.146815852765868,0.1622921677297919,7.7798807905468985,9.341942904946146,2.840112935271358,1.440342988601903,0.2637247725609118,1400.0,500.0,10.0,350.0,350.0,0.0,0.0,3.0,FMQ,Equilibrium
125,52.92753320087838,1.3794834257032311,14.717870960995501,6.146815852765868,0.1622921677297919,7.7798807905468985,9.341942904946146,2.840112935271358,1.440342988601903,0.2637247725609118,1400.0,500.0,10.0,400.0,400.0,0.0,0.0,3.0,FMQ,Equilibrium
126,52.92753320087838,1.3794834257032311,14.717870960995501,6.146815852765868,0.1622921677297919,7.7798807905468985,9.341942904946146,2.840112935271358,1.440342988601903,0.2637247725609118,1400.0,500.0,10.0,450.0,450.0,0.0,0.0,3.0,FMQ,Equilibrium
127,52.92753320087838,1.3794834257032311,14.717870960995501,6.146815852765868,0.1622921677297919,7.7798807905468985,9.341942904946146,2.840112935271358,1.440342988601903,0.2637247725609118,1400.0,500.0,10.0,500.0,500.0,0.0,0.0,3.0,FMQ,Equilibrium
128,52.92753320087838,1.3794834257032311,14.717870960995501,6.146815852765868,0.1622921677297919,7.7798807905468985,9.341942904946146,2.840112935271358,1.440342988601903,0.2637247725609118,1400.0,500.0,10.0,550.0,550.0,0.0,0.0,3.0,FMQ,Equilibrium
129,52.92753320087838,1.3794834257032311,14.717870960995501,6.146815852765868,0.1622921677297919,7.7798807905468985,9.341942904946146,2.840112935271358,1.440342988601903,0.2637247725609118,1400.0,500.0,10.0,600.0,600.0,0.0,0.0,3.0,FMQ,Equilibrium
130,52.38188852870437,1.3652619470877339,14.56614033253163,6.083446617170343,0.1606190525985569,7.6996758339433224,9.245634215204433,2.810833420474746,1.4254940918121926,0.261005960472655,1400.0,500.0,10.0,0.1,0.1,0.0,0.0,4.0,FMQ,Equilibrium
131,52.38188852870437,1.3652619470877339,14.56614033253163,6.083446617170343,0.1606190525985569,7.6996758339433224,9.245634215204433,2.810833420474746,1.4254940918121926,0.261005960472655,1400.0,500.0,10.0,50.0,50.0,0.0,0.0,4.0,FMQ,Equilibrium
132,52.38188852870437,1.3652619470877339,14.56614033253163,6.083446617170343,0.1606190525985569,7.6996758339433224,9.245634215204433,2.810833420474746,1.4254940918121926,0.261005960472655,1400.0,500.0,10.0,100.0,100.0,0.0,0.0,4.0,FMQ,Equilibrium
133,52.38188852870437,1.3652619470877339,14.56614033253163,6.083446617170343,0.1606190525985569,7.6996758339433224,9.245634215204433,2.810833420474746,1.4254940918121926,0.261005960472655,1400.0,500.0,10.0,150.0,150.0,0.0,0.0,4.0,FMQ,Equilibrium
134,52.38188852870437,1.3652619470877339,14.56614033253163,6.083446617170343,0.1606190525985569,7.6996758339433224,9.245634215204433,2.810833420474746,1.4254940918121926,0.261005960472655,1400.0,500.0,10.0,200.0,200.0,0.0,0.0,4.0,FMQ,Equilibrium
135,52.38188852870437,1.3652619470877339,14.56614033253163,6.083446617170343,0.1606190525985569,7.6996758339433224,9.245634215204433,2.810833420474746,1.4254940918121926,0.261005960472655,1400.0,500.0,10.0,250.0,250.0,0.0,0.0,4.0,FMQ,Equilibrium
136,52.38188852870437,1.3652619470877339,14.56614033253163,6.083446617170343,0.1606190525985569,7.6996758339433224,9.245634215204433,2.810833420474746,1.4254940918121926,0.261005960472655,1400.0,500.0,10.0,300.0,300.0,0.0,0.0,4.0,FMQ,Equilibrium
137,52.38188852870437,1.3652619470877339,14.56614033253163,6.083446617170343,0.1606190525985569,7.6996758339433224,9.245634215204433,2.810833420474746,1.4254940918121926,0.261005960472655,1400.0,500.0,10.0,350.0,350.0,0.0,0.0,4.0,FMQ,Equilibrium
138,52.38188852870437,1.3652619470877339,14.56614033253163,6.083446617170343,0.1606190525985569,7.6996758339433224,9.245634215204433,2.810833420474746,1.4254940918121926,0.261005960472655,1400.0,500.0,10.0,400.0,400.0,0.0,0.0,4.0,FMQ,Equilibrium
139,52.38188852870437,1.3652619470877339,14.56614033253163,6.083446617170343,0.1606190525985569,7.6996758339433224,9.245634215204433,2.810833420474746,1.4254940918121926,0.261005960472655,1400.0,500.0,10.0,450.0,450.0,0.0,0.0,4.0,FMQ,Equilibrium
140,52.38188852870437,1.3652619470877339,14.56614033253163,6.083446617170343,0.1606190525985569,7.6996758339433224,9.245634215204433,2.810833420474746,1.4254940918121926,0.261005960472655,1400.0,500.0,10.0,500.0,500.0,0.0,0.0,4.0,FMQ,Equilibrium
141,52.38188852870437,1.3652619470877339,14.56614033253163,6.083446617170343,0.1606190525985569,7.6996758339433224,9.245634215204433,2.810833420474746,1.4254940918121926,0.261005960472655,1400.0,500.0,10.0,550.0,550.0,0.0,0.0,4.0,FMQ,Equilibrium
142,52.38188852870437,1.3652619470877339,14.56614033253163,6.083446617170343,0.1606190525985569,7.6996758339433224,9.245634215204433,2.810833420474746,1.4254940918121926,0.261005960472655,1400.0,500.0,10.0,600.0,600.0,0.0,0.0,4.0,FMQ,Equilibrium
143,51.836243856530366,1.3510404684722366,14.41440970406776,6.0200773815748185,0.15894593746732194,7.6194708773397455,9.14932552546272,2.781553905678134,1.4106451950224823,0.25828714838439815,1400.0,500.0,10.0,0.1,0.1,0.0,0.0,5.0,FMQ,Equilibrium
144,51.836243856530366,1.3510404684722366,14.41440970406776,6.0200773815748185,0.15894593746732194,7.6194708773397455,9.14932552546272,2.781553905678134,1.4106451950224823,0.25828714838439815,1400.0,500.0,10.0,50.0,50.0,0.0,0.0,5.0,FMQ,Equilibrium
145,51.836243856530366,1.3510404684722366,14.41440970406776,6.0200773815748185,0.15894593746732194,7.6194708773397455,9.14932552546272,2.781553905678134,1.4106451950224823,0.25828714838439815,1400.0,500.0,10.0,100.0,100.0,0.0,0.0,5.0,FMQ,Equilibrium
146,51.836243856530366,1.3510404684722366,14.41440970406776,6.0200773815748185,0.15894593746732194,7.6194708773397455,9.14932552546272,2.781553905678134,1.4106451950224823,0.25828714838439815,1400.0,500.0,10.0,150.0,150.0,0.0,0.0,5.0,FMQ,Equilibrium
147,51.836243856530366,1.3510404684722366,14.41440970406776,6.0200773815748185,0.15894593746732194,7.6194708773397455,9.14932552546272,2.781553905678134,1.4106451950224823,0.25828714838439815,1400.0,500.0,10.0,200.0,200.0,0.0,0.0,5.0,FMQ,Equilibrium
148,51.836243856530366,1.3510404684722366,14.41440970406776,6.0200773815748185,0.15894593746732194,7.6194708773397455,9.14932552546272,2.781553905678134,1.4106451950224823,0.25828714838439815,1400.0,500.0,10.0,250.0,250.0,0.0,0.0,5.0,FMQ,Equilibrium
149,51.836243856530366,1.3510404684722366,14.41440970406776,6.0200773815748185,0.15894593746732194,7.6194708773397455,9.14932552546272,2.781553905678134,1.4106451950224823,0.25828714838439815,1400.0,500.0,10.0,300.0,300.0,0.0,0.0,5.0,FMQ,Equilibrium
150,51.836243856530366,1.3510404684722366,14.41440970406776,6.0200773815748185,0.15894593746732194,7.6194708773397455,9.14932552546272,2.781553905678134,1.4106451950224823,0.25828714838439815,1400.0,500.0,10.0,350.0,350.0,0.0,0.0,5.0,FMQ,Equilibrium
151,51.836243856530366,1.3510404684722366,14.41440970406776,6.0200773815748185,0.15894593746732194,7.6194708773397455,9.14932552546272,2.781553905678134,1.4106451950224823,0.25828714838439815,1400.0,500.0,10.0,400.0,400.0,0.0,0.0,5.0,FMQ,Equilibrium
152,51.836243856530366,1.3510404684722366,14.41440970406776,6.0200773815748185,0.15894593746732194,7.6194708773397455,9.14932552546272,2.781553905678134,1.4106451950224823,0.25828714838439815,1400.0,500.0,10.0,450.0,450.0,0.0,0.0,5.0,FMQ,Equilibrium
153,51.836243856530366,1.3510404684722366,14.41440970406776,6.0200773815748185,0.15894593746732194,7.6194708773397455,9.14932552546272,2.781553905678134,1.4106451950224823,0.25828714838439815,1400.0,500.0,10.0,500.0,500.0,0.0,0.0,5.0,FMQ,Equilibrium
154,51.836243856530366,1.3510404684722366,14.41440970406776,6.0200773815748185,0.15894593746732194,7.6194708773397455,9.14932552546272,2.781553905678134,1.4106451950224823,0.25828714838439815,1400.0,500.0,10.0,550.0,550.0,0.0,0.0,5.0,FMQ,Equilibrium
155,51.836243856530366,1.3510404684722366,14.41440970406776,6.0200773815748185,0.15894593746732194,7.6194708773397455,9.14932552546272,2.781553905678134,1.4106451950224823,0.25828714838439815,1400.0,500.0,10.0,600.0,600.0,0.0,0.0,5.0,FMQ,Equilibrium
156,73.06647767540753,0.25286018021666506,14.372572643515243,1.6587627822213227,0.060686443251999615,0.738351726232662,2.2352839931153192,3.4186696365293114,3.995190847423308,0.10114407208666604,1400.0,500.0,10.0,0.1,0.1,0.0,0.0,0.1,NNO,Equilibrium
157,73.06647767540753,0.25286018021666506,14.372572643515243,1.6587627822213227,0.060686443251999615,0.738351726232662,2.2352839931153192,3.4186696365293114,3.995190847423308,0.10114407208666604,1400.0,500.0,10.0,50.0,50.0,0.0,0.0,0.1,NNO,Equilibrium
158,73.06647767540753,0.25286018021666506,14.372572643515243,1.6587627822213227,0.060686443251999615,0.738351726232662,2.2352839931153192,3.4186696365293114,3.995190847423308,0.10114407208666604,1400.0,500.0,10.0,100.0,100.0,0.0,0.0,0.1,NNO,Equilibrium
159,73.06647767540753,0.25286018021666506,14.372572643515243,1.6587627822213227,0.060686443251999615,0.738351726232662,2.2352839931153192,3.4186696365293114,3.995190847423308,0.10114407208666604,1400.0,500.0,10.0,150.0,150.0,0.0,0.0,0.1,NNO,Equilibrium
160,73.06647767540753,0.25286018021666506,14.372572643515243,1.6587627822213227,0.060686443251999615,0.738351726232662,2.2352839931153192,3.4186696365293114,3.995190847423308,0.10114407208666604,1400.0,500.0,10.0,200.0,200.0,0.0,0.0,0.1,NNO,Equilibrium
161,73.06647767540753,0.25286018021666506,14.372572643515243,1.6587627822213227,0.060686443251999615,0.738351726232662,2.2352839931153192,3.4186696365293114,3.995190847423308,0.10114407208666604,1400.0,500.0,10.0,250.0,250.0,0.0,0.0,0.1,NNO,Equilibrium
162,73.06647767540753,0.25286018021666506,14.372572643515243,1.6587627822213227,0.060686443251999615,0.738351726232662,2.2352839931153192,3.4186696365293114,3.995190847423308,0.10114407208666604,1400.0,500.0,10.0,300.0,300.0,0.0,0.0,0.1,NNO,Equilibrium
163,73.06647767540753,0.25286018021666506,14.372572643515243,1.6587627822213227,0.060686443251999615,0.738351726232662,2.2352839931153192,3.4186696365293114,3.995190847423308,0.10114407208666604,1400.0,500.0,10.0,350.0,350.0,0.0,0.0,0.1,NNO,Equilibrium
164,73.06647767540753,0.25286018021666506,14.372572643515243,1.6587627822213227,0.060686443251999615,0.738351726232662,2.2352839931153192,3.4186696365293114,3.995190847423308,0.10114407208666604,1400.0,500.0,10.0,400.0,400.0,0.0,0.0,0.1,NNO,Equilibrium
165,73.06647767540753,0.25286018021666506,14.372572643515243,1.6587627822213227,0.060686443251999615,0.738351726232662,2.2352839931153192,3.4186696365293114,3.995190847423308,0.10114407208666604,1400.0,500.0,10.0,450.0,450.0,0.0,0.0,0.1,NNO,Equilibrium
166,73.06647767540753,0.25286018021666506,14.372572643515243,1.6587627822213227,0.060686443251999615,0.738351726232662,2.2352839931153192,3.4186696365293114,3.995190847423308,0.10114407208666604,1400.0,500.0,10.0,500.0,500.0,0.0,0.0,0.1,NNO,Equilibrium
167,73.06647767540753,0.25286018021666506,14.372572643515243,1.6587627822213227,0.060686443251999615,0.738351726232662,2.2352839931153192,3.4186696365293114,3.995190847423308,0.10114407208666604,1400.0,500.0,10.0,550.0,550.0,0.0,0.0,0.1,NNO,Equilibrium
168,73.06647767540753,0.25286018021666506,14.372572643515243,1.6587627822213227,0.060686443251999615,0.738351726232662,2.2352839931153192,3.4186696365293114,3.995190847423308,0.10114407208666604,1400.0,500.0,10.0,600.0,600.0,0.0,0.0,0.1,NNO,Equilibrium
169,72.40822111977322,0.25058216057507343,14.243090007087174,1.6438189733724815,0.06013971853801762,0.7316999088792144,2.2151462994836493,3.387870810974993,3.9591981370861604,0.10023286423002938,1400.0,500.0,10.0,0.1,0.1,0.0,0.0,1.0,NNO,Equilibrium
170,72.40822111977322,0.25058216057507343,14.243090007087174,1.6438189733724815,0.06013971853801762,0.7316999088792144,2.2151462994836493,3.387870810974993,3.9591981370861604,0.10023286423002938,1400.0,500.0,10.0,50.0,50.0,0.0,0.0,1.0,NNO,Equilibrium
171,72.40822111977322,0.25058216057507343,14.243090007087174,1.6438189733724815,0.06013971853801762,0.7316999088792144,2.2151462994836493,3.387870810974993,3.9591981370861604,0.10023286423002938,1400.0,500.0,10.0,100.0,100.0,0.0,0.0,1.0,NNO,Equilibrium
172,72.40822111977322,0.25058216057507343,14.243090007087174,1.6438189733724815,0.06013971853801762,0.7316999088792144,2.2151462994836493,3.387870810974993,3.9591981370861604,0.10023286423002938,1400.0,500.0,10.0,150.0,150.0,0.0,0.0,1.0,NNO,Equilibrium
173,72.40822111977322,0.25058216057507343,14.243090007087174,1.6438189733724815,0.06013971853801762,0.7316999088792144,2.2151462994836493,3.387870810974993,3.9591981370861604,0.10023286423002938,1400.0,500.0,10.0,200.0,200.0,0.0,0.0,1.0,NNO,Equilibrium
174,72.40822111977322,0.25058216057507343,14.243090007087174,1.6438189733724815,0.06013971853801762,0.7316999088792144,2.2151462994836493,3.387870810974993,3.9591981370861604,0.10023286423002938,1400.0,500.0,10.0,250.0,250.0,0.0,0.0,1.0,NNO,Equilibrium
175,72.40822111977322,0.25058216057507343,14.243090007087174,1.6438189733724815,0.06013971853801762,0.7316999088792144,2.2151462994836493,3.387870810974993,3.9591981370861604,0.10023286423002938,1400.0,500.0,10.0,300.0,300.0,0.0,0.0,1.0,NNO,Equilibrium
176,72.40822111977322,0.25058216057507343,14.243090007087174,1.6438189733724815,0.06013971853801762,0.7316999088792144,2.2151462994836493,3.387870810974993,3.9591981370861604,0.10023286423002938,1400.0,500.0,10.0,350.0,350.0,0.0,0.0,1.0,NNO,Equilibrium
177,72.40822111977322,0.25058216057507343,14.243090007087174,1.6438189733724815,0.06013971853801762,0.7316999088792144,2.2151462994836493,3.387870810974993,3.9591981370861604,0.10023286423002938,1400.0,500.0,10.0,400.0,400.0,0.0,0.0,1.0,NNO,Equilibrium
178,72.40822111977322,0.25058216057507343,14.243090007087174,1.6438189733724815,0.06013971853801762,0.7316999088792144,2.2151462994836493,3.387870810974993,3.9591981370861604,0.10023286423002938,1400.0,500.0,10.0,450.0,450.0,0.0,0.0,1.0,NNO,Equilibrium
179,72.40822111977322,0.25058216057507343,14.243090007087174,1.6438189733724815,0.06013971853801762,0.7316999088792144,2.2151462994836493,3.387870810974993,3.9591981370861604,0.10023286423002938,1400.0,500.0,10.0,500.0,500.0,0.0,0.0,1.0,NNO,Equilibrium
180,72.40822111977322,0.25058216057507343,14.243090007087174,1.6438189733724815,0.06013971853801762,0.7316999088792144,2.2151462994836493,3.387870810974993,3.9591981370861604,0.10023286423002938,1400.0,500.0,10.0,550.0,550.0,0.0,0.0,1.0,NNO,Equilibrium
181,72.40822111977322,0.25058216057507343,14.243090007087174,1.6438189733724815,0.06013971853801762,0.7316999088792144,2.2151462994836493,3.387870810974993,3.9591981370861604,0.10023286423002938,1400.0,500.0,10.0,600.0,600.0,0.0,0.0,1.0,NNO,Equilibrium
182,71.67682494684621,0.2480510276399717,14.099220411055992,1.6272147413182143,0.0595322466335932,0.7243090007087173,2.1927710843373496,3.3536498936924173,3.919206236711553,0.09922041105598868,1400.0,500.0,10.0,0.1,0.1,0.0,0.0,2.0,NNO,Equilibrium
183,71.67682494684621,0.2480510276399717,14.099220411055992,1.6272147413182143,0.0595322466335932,0.7243090007087173,2.1927710843373496,3.3536498936924173,3.919206236711553,0.09922041105598868,1400.0,500.0,10.0,50.0,50.0,0.0,0.0,2.0,NNO,Equilibrium
184,71.67682494684621,0.2480510276399717,14.099220411055992,1.6272147413182143,0.0595322466335932,0.7243090007087173,2.1927710843373496,3.3536498936924173,3.919206236711553,0.09922041105598868,1400.0,500.0,10.0,100.0,100.0,0.0,0.0,2.0,NNO,Equilibrium
185,71.67682494684621,0.2480510276399717,14.099220411055992,1.6272147413182143,0.0595322466335932,0.7243090007087173,2.1927710843373496,3.3536498936924173,3.919206236711553,0.09922041105598868,1400.0,500.0,10.0,150.0,150.0,0.0,0.0,2.0,NNO,Equilibrium
186,71.67682494684621,0.2480510276399717,14.099220411055992,1.6272147413182143,0.0595322466335932,0.7243090007087173,2.1927710843373496,3.3536498936924173,3.919206236711553,0.09922041105598868,1400.0,500.0,10.0,200.0,200.0,0.0,0.0,2.0,NNO,Equilibrium
187,71.67682494684621,0.2480510276399717,14.099220411055992,1.6272147413182143,0.0595322466335932,0.7243090007087173,2.1927710843373496,3.3536498936924173,3.919206236711553,0.09922041105598868,1400.0,500.0,10.0,250.0,250.0,0.0,0.0,2.0,NNO,Equilibrium
188,71.67682494684621,0.2480510276399717,14.099220411055992,1.6272147413182143,0.0595322466335932,0.7243090007087173,2.1927710843373496,3.3536498936924173,3.919206236711553,0.09922041105598868,1400.0,500.0,10.0,300.0,300.0,0.0,0.0,2.0,NNO,Equilibrium
189,71.67682494684621,0.2480510276399717,14.099220411055992,1.6272147413182143,0.0595322466335932,0.7243090007087173,2.1927710843373496,3.3536498936924173,3.919206236711553,0.09922041105598868,1400.0,500.0,10.0,350.0,350.0,0.0,0.0,2.0,NNO,Equilibrium
190,71.67682494684621,0.2480510276399717,14.099220411055992,1.6272147413182143,0.0595322466335932,0.7243090007087173,2.1927710843373496,3.3536498936924173,3.919206236711553,0.09922041105598868,1400.0,500.0,10.0,400.0,400.0,0.0,0.0,2.0,NNO,Equilibrium
191,71.67682494684621,0.2480510276399717,14.099220411055992,1.6272147413182143,0.0595322466335932,0.7243090007087173,2.1927710843373496,3.3536498936924173,3.919206236711553,0.09922041105598868,1400.0,500.0,10.0,450.0,450.0,0.0,0.0,2.0,NNO,Equilibrium
192,71.67682494684621,0.2480510276399717,14.099220411055992,1.6272147413182143,0.0595322466335932,0.7243090007087173,2.1927710843373496,3.3536498936924173,3.919206236711553,0.09922041105598868,1400.0,500.0,10.0,500.0,500.0,0.0,0.0,2.0,NNO,Equilibrium
193,71.67682494684621,0.2480510276399717,14.099220411055992,1.6272147413182143,0.0595322466335932,0.7243090007087173,2.1927710843373496,3.3536498936924173,3.919206236711553,0.09922041105598868,1400.0,500.0,10.0,550.0,550.0,0.0,0.0,2.0,NNO,Equilibrium
194,71.67682494684621,0.2480510276399717,14.099220411055992,1.6272147413182143,0.0595322466335932,0.7243090007087173,2.1927710843373496,3.3536498936924173,3.919206236711553,0.09922041105598868,1400.0,500.0,10.0,600.0,600.0,0.0,0.0,2.0,NNO,Equilibrium
195,70.94542877391922,0.24551989470486996,13.95535081502481,1.6106105092639469,0.05892477472916879,0.7169180925382203,2.1703958691910503,3.3194289764098417,3.8792143363369456,0.09820795788194799,1400.0,500.0,10.0,0.1,0.1,0.0,0.0,3.0,NNO,Equilibrium
196,70.94542877391922,0.24551989470486996,13.95535081502481,1.6106105092639469,0.05892477472916879,0.7169180925382203,2.1703958691910503,3.3194289764098417,3.8792143363369456,0.09820795788194799,1400.0,500.0,10.0,50.0,50.0,0.0,0.0,3.0,NNO,Equilibrium
197,70.94542877391922,0.24551989470486996,13.95535081502481,1.6106105092639469,0.05892477472916879,0.7169180925382203,2.1703958691910503,3.3194289764098417,3.8792143363369456,0.09820795788194799,1400.0,500.0,10.0,100.0,100.0,0.0,0.0,3.0,NNO,Equilibrium
198,70.94542877391922,0.24551989470486996,13.95535081502481,1.6106105092639469,0.05892477472916879,0.7169180925382203,2.1703958691910503,3.3194289764098417,3.8792143363369456,0.09820795788194799,1400.0,500.0,10.0,150.0,150.0,0.0,0.0,3.0,NNO,Equilibrium
199,70.94542877391922,0.24551989470486996,13.95535081502481,1.6106105092639469,0.05892477472916879,0.7169180925382203,2.1703958691910503,3.3194289764098417,3.8792143363369456,0.09820795788194799,1400.0,500.0,10.0,200.0,200.0,0.0,0.0,3.0,NNO,Equilibrium
200,70.94542877391922,0.24551989470486996,13.95535081502481,1.6106105092639469,0.05892477472916879,0.7169180925382203,2.1703958691910503,3.3194289764098417,3.8792143363369456,0.09820795788194799,1400.0,500.0,10.0,250.0,250.0,0.0,0.0,3.0,NNO,Equilibrium
201,70.94542877391922,0.24551989470486996,13.95535081502481,1.6106105092639469,0.05892477472916879,0.7169180925382203,2.1703958691910503,3.3194289764098417,3.8792143363369456,0.09820795788194799,1400.0,500.0,10.0,300.0,300.0,0.0,0.0,3.0,NNO,Equilibrium
202,70.94542877391922,0.24551989470486996,13.95535081502481,1.6106105092639469,0.05892477472916879,0.7169180925382203,2.1703958691910503,3.3194289764098417,3.8792143363369456,0.09820795788194799,1400.0,500.0,10.0,350.0,350.0,0.0,0.0,3.0,NNO,Equilibrium
203,70.94542877391922,0.24551989470486996,13.95535081502481,1.6106105092639469,0.05892477472916879,0.7169180925382203,2.1703958691910503,3.3194289764098417,3.8792143363369456,0.09820795788194799,1400.0,500.0,10.0,400.0,400.0,0.0,0.0,3.0,NNO,Equilibrium
204,70.94542877391922,0.24551989470486996,13.95535081502481,1.6106105092639469,0.05892477472916879,0.7169180925382203,2.1703958691910503,3.3194289764098417,3.8792143363369456,0.09820795788194799,1400.0,500.0,10.0,450.0,450.0,0.0,0.0,3.0,NNO,Equilibrium
205,70.94542877391922,0.24551989470486996,13.95535081502481,1.6106105092639469,0.05892477472916879,0.7169180925382203,2.1703958691910503,3.3194289764098417,3.8792143363369456,0.09820795788194799,1400.0,500.0,10.0,500.0,500.0,0.0,0.0,3.0,NNO,Equilibrium
206,70.94542877391922,0.24551989470486996,13.95535081502481,1.6106105092639469,0.05892477472916879,0.7169180925382203,2.1703958691910503,3.3194289764098417,3.8792143363369456,0.09820795788194799,1400.0,500.0,10.0,550.0,550.0,0.0,0.0,3.0,NNO,Equilibrium
207,70.94542877391922,0.24551989470486996,13.95535081502481,1.6106105092639469,0.05892477472916879,0.7169180925382203,2.1703958691910503,3.3194289764098417,3.8792143363369456,0.09820795788194799,1400.0,500.0,10.0,600.0,600.0,0.0,0.0,3.0,NNO,Equilibrium
208,70.21403260099221,0.2429887617697682,13.811481218993626,1.5940062772096792,0.058317302824744364,0.7095271843677231,2.1480206540447506,3.2852080591272657,3.8392224359623377,0.09719550470790728,1400.0,500.0,10.0,0.1,0.1,0.0,0.0,4.0,NNO,Equilibrium
209,70.21403260099221,0.2429887617697682,13.811481218993626,1.5940062772096792,0.058317302824744364,0.7095271843677231,2.1480206540447506,3.2852080591272657,3.8392224359623377,0.09719550470790728,1400.0,500.0,10.0,50.0,50.0,0.0,0.0,4.0,NNO,Equilibrium
210,70.21403260099221,0.2429887617697682,13.811481218993626,1.5940062772096792,0.058317302824744364,0.7095271843677231,2.1480206540447506,3.2852080591272657,3.8392224359623377,0.09719550470790728,1400.0,500.0,10.0,100.0,100.0,0.0,0.0,4.0,NNO,Equilibrium
211,70.21403260099221,0.2429887617697682,13.811481218993626,1.5940062772096792,0.058317302824744364,0.7095271843677231,2.1480206540447506,3.2852080591272657,3.8392224359623377,0.09719550470790728,1400.0,500.0,10.0,150.0,150.0,0.0,0.0,4.0,NNO,Equilibrium
212,70.21403260099221,0.2429887617697682,13.811481218993626,1.5940062772096792,0.058317302824744364,0.7095271843677231,2.1480206540447506,3.2852080591272657,3.8392224359623377,0.09719550470790728,1400.0,500.0,10.0,200.0,200.0,0.0,0.0,4.0,NNO,Equilibrium
213,70.21403260099221,0.2429887617697682,13.811481218993626,1.5940062772096792,0.058317302824744364,0.7095271843677231,2.1480206540447506,3.2852080591272657,3.8392224359623377,0.09719550470790728,1400.0,500.0,10.0,250.0,250.0,0.0,0.0,4.0,NNO,Equilibrium
214,70.21403260099221,0.2429887617697682,13.811481218993626,1.5940062772096792,0.058317302824744364,0.7095271843677231,2.1480206540447506,3.2852080591272657,3.8392224359623377,0.09719550470790728,1400.0,500.0,10.0,300.0,300.0,0.0,0.0,4.0,NNO,Equilibrium
215,70.21403260099221,0.2429887617697682,13.811481218993626,1.5940062772096792,0.058317302824744364,0.7095271843677231,2.1480206540447506,3.2852080591272657,3.8392224359623377,0.09719550470790728,1400.0,500.0,10.0,350.0,350.0,0.0,0.0,4.0,NNO,Equilibrium
216,70.21403260099221,0.2429887617697682,13.811481218993626,1.5940062772096792,0.058317302824744364,0.7095271843677231,2.1480206540447506,3.2852080591272657,3.8392224359623377,0.09719550470790728,1400.0,500.0,10.0,400.0,400.0,0.0,0.0,4.0,NNO,Equilibrium
217,70.21403260099221,0.2429887617697682,13.811481218993626,1.5940062772096792,0.058317302824744364,0.7095271843677231,2.1480206540447506,3.2852080591272657,3.8392224359623377,0.09719550470790728,1400.0,500.0,10.0,450.0,450.0,0.0,0.0,4.0,NNO,Equilibrium
218,70.21403260099221,0.2429887617697682,13.811481218993626,1.5940062772096792,0.058317302824744364,0.7095271843677231,2.1480206540447506,3.2852080591272657,3.8392224359623377,0.09719550470790728,1400.0,500.0,10.0,500.0,500.0,0.0,0.0,4.0,NNO,Equilibrium
219,70.21403260099221,0.2429887617697682,13.811481218993626,1.5940062772096792,0.058317302824744364,0.7095271843677231,2.1480206540447506,3.2852080591272657,3.8392224359623377,0.09719550470790728,1400.0,500.0,10.0,550.0,550.0,0.0,0.0,4.0,NNO,Equilibrium
220,70.21403260099221,0.2429887617697682,13.811481218993626,1.5940062772096792,0.058317302824744364,0.7095271843677231,2.1480206540447506,3.2852080591272657,3.8392224359623377,0.09719550470790728,1400.0,500.0,10.0,600.0,600.0,0.0,0.0,4.0,NNO,Equilibrium
221,69.48263642806522,0.24045762883466645,13.667611622962442,1.5774020451554118,0.05770983092031995,0.7021362761972261,2.1256454388984514,3.2509871418446905,3.7992305355877303,0.09618305153386658,1400.0,500.0,10.0,0.1,0.1,0.0,0.0,5.0,NNO,Equilibrium
222,69.48263642806522,0.24045762883466645,13.667611622962442,1.5774020451554118,0.05770983092031995,0.7021362761972261,2.1256454388984514,3.2509871418446905,3.7992305355877303,0.09618305153386658,1400.0,500.0,10.0,50.0,50.0,0.0,0.0,5.0,NNO,Equilibrium
223,69.48263642806522,0.24045762883466645,13.667611622962442,1.5774020451554118,0.05770983092031995,0.7021362761972261,2.1256454388984514,3.2509871418446905,3.7992305355877303,0.09618305153386658,1400.0,500.0,10.0,100.0,100.0,0.0,0.0,5.0,NNO,Equilibrium
224,69.48263642806522,0.24045762883466645,13.667611622962442,1.5774020451554118,0.05770983092031995,0.7021362761972261,2.1256454388984514,3.2509871418446905,3.7992305355877303,0.09618305153386658,1400.0,500.0,10.0,150.0,150.0,0.0,0.0,5.0,NNO,Equilibrium
225,69.48263642806522,0.24045762883466645,13.667611622962442,1.5774020451554118,0.05770983092031995,0.7021362761972261,2.1256454388984514,3.2509871418446905,3.7992305355877303,0.09618305153386658,1400.0,500.0,10.0,200.0,200.0,0.0,0.0,5.0,NNO,Equilibrium
226,69.48263642806522,0.24045762883466645,13.667611622962442,1.5774020451554118,0.05770983092031995,0.7021362761972261,2.1256454388984514,3.2509871418446905,3.7992305355877303,0.09618305153386658,1400.0,500.0,10.0,250.0,250.0,0.0,0.0,5.0,NNO,Equilibrium
227,69.48263642806522,0.24045762883466645,13.667611622962442,1.5774020451554118,0.05770983092031995,0.7021362761972261,2.1256454388984514,3.2509871418446905,3.7992305355877303,0.09618305153386658,1400.0,500.0,10.0,300.0,300.0,0.0,0.0,5.0,NNO,Equilibrium
228,69.48263642806522,0.24045762883466645,13.667611622962442,1.5774020451554118,0.05770983092031995,0.7021362761972261,2.1256454388984514,3.2509871418446905,3.7992305355877303,0.09618305153386658,1400.0,500.0,10.0,350.0,350.0,0.0,0.0,5.0,NNO,Equilibrium
229,69.48263642806522,0.24045762883466645,13.667611622962442,1.5774020451554118,0.05770983092031995,0.7021362761972261,2.1256454388984514,3.2509871418446905,3.7992305355877303,0.09618305153386658,1400.0,500.0,10.0,400.0,400.0,0.0,0.0,5.0,NNO,Equilibrium
230,69.48263642806522,0.24045762883466645,13.667611622962442,1.5774020451554118,0.05770983092031995,0.7021362761972261,2.1256454388984514,3.2509871418446905,3.7992305355877303,0.09618305153386658,1400.0,500.0,10.0,450.0,450.0,0.0,0.0,5.0,NNO,Equilibrium
231,69.48263642806522,0.24045762883466645,13.667611622962442,1.5774020451554118,0.05770983092031995,0.7021362761972261,2.1256454388984514,3.2509871418446905,3.7992305355877303,0.09618305153386658,1400.0,500.0,10.0,500.0,500.0,0.0,0.0,5.0,NNO,Equilibrium
232,69.48263642806522,0.24045762883466645,13.667611622962442,1.5774020451554118,0.05770983092031995,0.7021362761972261,2.1256454388984514,3.2509871418446905,3.7992305355877303,0.09618305153386658,1400.0,500.0,10.0,550.0,550.0,0.0,0.0,5.0,NNO,Equilibrium
233,69.48263642806522,0.24045762883466645,13.667611622962442,1.5774020451554118,0.05770983092031995,0.7021362761972261,2.1256454388984514,3.2509871418446905,3.7992305355877303,0.09618305153386658,1400.0,500.0,10.0,600.0,600.0,0.0,0.0,5.0,NNO,Equilibrium
234,73.06647767540753,0.25286018021666506,14.372572643515243,1.6587627822213227,0.060686443251999615,0.738351726232662,2.2352839931153192,3.4186696365293114,3.995190847423308,0.10114407208666604,1400.0,500.0,10.0,0.1,0.1,0.0,0.0,0.1,FMQ,Equilibrium
235,73.06647767540753,0.25286018021666506,14.372572643515243,1.6587627822213227,0.060686443251999615,0.738351726232662,2.2352839931153192,3.4186696365293114,3.995190847423308,0.10114407208666604,1400.0,500.0,10.0,50.0,50.0,0.0,0.0,0.1,FMQ,Equilibrium
236,73.06647767540753,0.25286018021666506,14.372572643515243,1.6587627822213227,0.060686443251999615,0.738351726232662,2.2352839931153192,3.4186696365293114,3.995190847423308,0.10114407208666604,1400.0,500.0,10.0,100.0,100.0,0.0,0.0,0.1,FMQ,Equilibrium
237,73.06647767540753,0.25286018021666506,14.372572643515243,1.6587627822213227,0.060686443251999615,0.738351726232662,2.2352839931153192,3.4186696365293114,3.995190847423308,0.10114407208666604,1400.0,500.0,10.0,150.0,150.0,0.0,0.0,0.1,FMQ,Equilibrium
238,73.06647767540753,0.25286018021666506,14.372572643515243,1.6587627822213227,0.060686443251999615,0.738351726232662,2.2352839931153192,3.4186696365293114,3.995190847423308,0.10114407208666604,1400.0,500.0,10.0,200.0,200.0,0.0,0.0,0.1,FMQ,Equilibrium
239,73.06647767540753,0.25286018021666506,14.372572643515243,1.6587627822213227,0.060686443251999615,0.738351726232662,2.2352839931153192,3.4186696365293114,3.995190847423308,0.10114407208666604,1400.0,500.0,10.0,250.0,250.0,0.0,0.0,0.1,FMQ,Equilibrium
240,73.06647767540753,0.25286018021666506,14.372572643515243,1.6587627822213227,0.060686443251999615,0.738351726232662,2.2352839931153192,3.4186696365293114,3.995190847423308,0.10114407208666604,1400.0,500.0,10.0,300.0,300.0,0.0,0.0,0.1,FMQ,Equilibrium
241,73.06647767540753,0.25286018021666506,14.372572643515243,1.6587627822213227,0.060686443251999615,0.738351726232662,2.2352839931153192,3.4186696365293114,3.995190847423308,0.10114407208666604,1400.0,500.0,10.0,350.0,350.0,0.0,0.0,0.1,FMQ,Equilibrium
242,73.06647767540753,0.25286018021666506,14.372572643515243,1.6587627822213227,0.060686443251999615,0.738351726232662,2.2352839931153192,3.4186696365293114,3.995190847423308,0.10114407208666604,1400.0,500.0,10.0,400.0,400.0,0.0,0.0,0.1,FMQ,Equilibrium
243,73.06647767540753,0.25286018021666506,14.372572643515243,1.6587627822213227,0.060686443251999615,0.738351726232662,2.2352839931153192,3.4186696365293114,3.995190847423308,0.10114407208666604,1400.0,500.0,10.0,450.0,450.0,0.0,0.0,0.1,FMQ,Equilibrium
244,73.06647767540753,0.25286018021666506,14.372572643515243,1.6587627822213227,0.060686443251999615,0.738351726232662,2.2352839931153192,3.4186696365293114,3.995190847423308,0.10114407208666604,1400.0,500.0,10.0,500.0,500.0,0.0,0.0,0.1,FMQ,Equilibrium
245,73.06647767540753,0.25286018021666506,14.372572643515243,1.6587627822213227,0.060686443251999615,0.738351726232662,2.2352839931153192,3.4186696365293114,3.995190847423308,0.10114407208666604,1400.0,500.0,10.0,550.0,550.0,0.0,0.0,0.1,FMQ,Equilibrium
246,73.06647767540753,0.25286018021666506,14.372572643515243,1.6587627822213227,0.060686443251999615,0.738351726232662,2.2352839931153192,3.4186696365293114,3.995190847423308,0.10114407208666604,1400.0,500.0,10.0,600.0,600.0,0.0,0.0,0.1,FMQ,Equilibrium
247,72.40822111977322,0.25058216057507343,14.243090007087174,1.6438189733724815,0.06013971853801762,0.7316999088792144,2.2151462994836493,3.387870810974993,3.9591981370861604,0.10023286423002938,1400.0,500.0,10.0,0.1,0.1,0.0,0.0,1.0,FMQ,Equilibrium
248,72.40822111977322,0.25058216057507343,14.243090007087174,1.6438189733724815,0.06013971853801762,0.7316999088792144,2.2151462994836493,3.387870810974993,3.9591981370861604,0.10023286423002938,1400.0,500.0,10.0,50.0,50.0,0.0,0.0,1.0,FMQ,Equilibrium
249,72.40822111977322,0.25058216057507343,14.243090007087174,1.6438189733724815,0.06013971853801762,0.7316999088792144,2.2151462994836493,3.387870810974993,3.9591981370861604,0.10023286423002938,1400.0,500.0,10.0,100.0,100.0,0.0,0.0,1.0,FMQ,Equilibrium
250,72.40822111977322,0.25058216057507343,14.243090007087174,1.6438189733724815,0.06013971853801762,0.7316999088792144,2.2151462994836493,3.387870810974993,3.9591981370861604,0.10023286423002938,1400.0,500.0,10.0,150.0,150.0,0.0,0.0,1.0,FMQ,Equilibrium
251,72.40822111977322,0.25058216057507343,14.243090007087174,1.6438189733724815,0.06013971853801762,0.7316999088792144,2.2151462994836493,3.387870810974993,3.9591981370861604,0.10023286423002938,1400.0,500.0,10.0,200.0,200.0,0.0,0.0,1.0,FMQ,Equilibrium
252,72.40822111977322,0.25058216057507343,14.243090007087174,1.6438189733724815,0.06013971853801762,0.7316999088792144,2.2151462994836493,3.387870810974993,3.9591981370861604,0.10023286423002938,1400.0,500.0,10.0,250.0,250.0,0.0,0.0,1.0,FMQ,Equilibrium
253,72.40822111977322,0.25058216057507343,14.243090007087174,1.6438189733724815,0.06013971853801762,0.7316999088792144,2.2151462994836493,3.387870810974993,3.9591981370861604,0.10023286423002938,1400.0,500.0,10.0,300.0,300.0,0.0,0.0,1.0,FMQ,Equilibrium
254,72.40822111977322,0.25058216057507343,14.243090007087174,1.6438189733724815,0.06013971853801762,0.7316999088792144,2.2151462994836493,3.387870810974993,3.9591981370861604,0.10023286423002938,1400.0,500.0,10.0,350.0,350.0,0.0,0.0,1.0,FMQ,Equilibrium
255,72.40822111977322,0.25058216057507343,14.243090007087174,1.6438189733724815,0.06013971853801762,0.7316999088792144,2.2151462994836493,3.387870810974993,3.9591981370861604,0.10023286423002938,1400.0,500.0,10.0,400.0,400.0,0.0,0.0,1.0,FMQ,Equilibrium
256,72.40822111977322,0.25058216057507343,14.243090007087174,1.6438189733724815,0.06013971853801762,0.7316999088792144,2.2151462994836493,3.387870810974993,3.9591981370861604,0.10023286423002938,1400.0,500.0,10.0,450.0,450.0,0.0,0.0,1.0,FMQ,Equilibrium
257,72.40822111977322,0.25058216057507343,14.243090007087174,1.6438189733724815,0.06013971853801762,0.7316999088792144,2.2151462994836493,3.387870810974993,3.9591981370861604,0.10023286423002938,1400.0,500.0,10.0,500.0,500.0,0.0,0.0,1.0,FMQ,Equilibrium
258,72.40822111977322,0.25058216057507343,14.243090007087174,1.6438189733724815,0.06013971853801762,0.7316999088792144,2.2151462994836493,3.387870810974993,3.9591981370861604,0.10023286423002938,1400.0,500.0,10.0,550.0,550.0,0.0,0.0,1.0,FMQ,Equilibrium
259,72.40822111977322,0.25058216057507343,14.243090007087174,1.6438189733724815,0.06013971853801762,0.7316999088792144,2.2151462994836493,3.387870810974993,3.9591981370861604,0.10023286423002938,1400.0,500.0,10.0,600.0,600.0,0.0,0.0,1.0,FMQ,Equilibrium
260,71.67682494684621,0.2480510276399717,14.099220411055992,1.6272147413182143,0.0595322466335932,0.7243090007087173,2.1927710843373496,3.3536498936924173,3.919206236711553,0.09922041105598868,1400.0,500.0,10.0,0.1,0.1,0.0,0.0,2.0,FMQ,Equilibrium
261,71.67682494684621,0.2480510276399717,14.099220411055992,1.6272147413182143,0.0595322466335932,0.7243090007087173,2.1927710843373496,3.3536498936924173,3.919206236711553,0.09922041105598868,1400.0,500.0,10.0,50.0,50.0,0.0,0.0,2.0,FMQ,Equilibrium
262,71.67682494684621,0.2480510276399717,14.099220411055992,1.6272147413182143,0.0595322466335932,0.7243090007087173,2.1927710843373496,3.3536498936924173,3.919206236711553,0.09922041105598868,1400.0,500.0,10.0,100.0,100.0,0.0,0.0,2.0,FMQ,Equilibrium
263,71.67682494684621,0.2480510276399717,14.099220411055992,1.6272147413182143,0.0595322466335932,0.7243090007087173,2.1927710843373496,3.3536498936924173,3.919206236711553,0.09922041105598868,1400.0,500.0,10.0,150.0,150.0,0.0,0.0,2.0,FMQ,Equilibrium
264,71.67682494684621,0.2480510276399717,14.099220411055992,1.6272147413182143,0.0595322466335932,0.7243090007087173,2.1927710843373496,3.3536498936924173,3.919206236711553,0.09922041105598868,1400.0,500.0,10.0,200.0,200.0,0.0,0.0,2.0,FMQ,Equilibrium
265,71.67682494684621,0.2480510276399717,14.099220411055992,1.6272147413182143,0.0595322466335932,0.7243090007087173,2.1927710843373496,3.3536498936924173,3.919206236711553,0.09922041105598868,1400.0,500.0,10.0,250.0,250.0,0.0,0.0,2.0,FMQ,Equilibrium
266,71.67682494684621,0.2480510276399717,14.099220411055992,1.6272147413182143,0.0595322466335932,0.7243090007087173,2.1927710843373496,3.3536498936924173,3.919206236711553,0.09922041105598868,1400.0,500.0,10.0,300.0,300.0,0.0,0.0,2.0,FMQ,Equilibrium
267,71.67682494684621,0.2480510276399717,14.099220411055992,1.6272147413182143,0.0595322466335932,0.7243090007087173,2.1927710843373496,3.3536498936924173,3.919206236711553,0.09922041105598868,1400.0,500.0,10.0,350.0,350.0,0.0,0.0,2.0,FMQ,Equilibrium
268,71.67682494684621,0.2480510276399717,14.099220411055992,1.6272147413182143,0.0595322466335932,0.7243090007087173,2.1927710843373496,3.3536498936924173,3.919206236711553,0.09922041105598868,1400.0,500.0,10.0,400.0,400.0,0.0,0.0,2.0,FMQ,Equilibrium
269,71.67682494684621,0.2480510276399717,14.099220411055992,1.6272147413182143,0.0595322466335932,0.7243090007087173,2.1927710843373496,3.3536498936924173,3.919206236711553,0.09922041105598868,1400.0,500.0,10.0,450.0,450.0,0.0,0.0,2.0,FMQ,Equilibrium
270,71.67682494684621,0.2480510276399717,14.099220411055992,1.6272147413182143,0.0595322466335932,0.7243090007087173,2.1927710843373496,3.3536498936924173,3.919206236711553,0.09922041105598868,1400.0,500.0,10.0,500.0,500.0,0.0,0.0,2.0,FMQ,Equilibrium
271,71.67682494684621,0.2480510276399717,14.099220411055992,1.6272147413182143,0.0595322466335932,0.7243090007087173,2.1927710843373496,3.3536498936924173,3.919206236711553,0.09922041105598868,1400.0,500.0,10.0,550.0,550.0,0.0,0.0,2.0,FMQ,Equilibrium
272,71.67682494684621,0.2480510276399717,14.099220411055992,1.6272147413182143,0.0595322466335932,0.7243090007087173,2.1927710843373496,3.3536498936924173,3.919206236711553,0.09922041105598868,1400.0,500.0,10.0,600.0,600.0,0.0,0.0,2.0,FMQ,Equilibrium
273,70.94542877391922,0.24551989470486996,13.95535081502481,1.6106105092639469,0.05892477472916879,0.7169180925382203,2.1703958691910503,3.3194289764098417,3.8792143363369456,0.09820795788194799,1400.0,500.0,10.0,0.1,0.1,0.0,0.0,3.0,FMQ,Equilibrium
274,70.94542877391922,0.24551989470486996,13.95535081502481,1.6106105092639469,0.05892477472916879,0.7169180925382203,2.1703958691910503,3.3194289764098417,3.8792143363369456,0.09820795788194799,1400.0,500.0,10.0,50.0,50.0,0.0,0.0,3.0,FMQ,Equilibrium
275,70.94542877391922,0.24551989470486996,13.95535081502481,1.6106105092639469,0.05892477472916879,0.7169180925382203,2.1703958691910503,3.3194289764098417,3.8792143363369456,0.09820795788194799,1400.0,500.0,10.0,100.0,100.0,0.0,0.0,3.0,FMQ,Equilibrium
276,70.94542877391922,0.24551989470486996,13.95535081502481,1.6106105092639469,0.05892477472916879,0.7169180925382203,2.1703958691910503,3.3194289764098417,3.8792143363369456,0.09820795788194799,1400.0,500.0,10.0,150.0,150.0,0.0,0.0,3.0,FMQ,Equilibrium
277,70.94542877391922,0.24551989470486996,13.95535081502481,1.6106105092639469,0.05892477472916879,0.7169180925382203,2.1703958691910503,3.3194289764098417,3.8792143363369456,0.09820795788194799,1400.0,500.0,10.0,200.0,200.0,0.0,0.0,3.0,FMQ,Equilibrium
278,70.94542877391922,0.24551989470486996,13.95535081502481,1.6106105092639469,0.05892477472916879,0.7169180925382203,2.1703958691910503,3.3194289764098417,3.8792143363369456,0.09820795788194799,1400.0,500.0,10.0,250.0,250.0,0.0,0.0,3.0,FMQ,Equilibrium
279,70.94542877391922,0.24551989470486996,13.95535081502481,1.6106105092639469,0.05892477472916879,0.7169180925382203,2.1703958691910503,3.3194289764098417,3.8792143363369456,0.09820795788194799,1400.0,500.0,10.0,300.0,300.0,0.0,0.0,3.0,FMQ,Equilibrium
280,70.94542877391922,0.24551989470486996,13.95535081502481,1.6106105092639469,0.05892477472916879,0.7169180925382203,2.1703958691910503,3.3194289764098417,3.8792143363369456,0.09820795788194799,1400.0,500.0,10.0,350.0,350.0,0.0,0.0,3.0,FMQ,Equilibrium
281,70.94542877391922,0.24551989470486996,13.95535081502481,1.6106105092639469,0.05892477472916879,0.7169180925382203,2.1703958691910503,3.3194289764098417,3.8792143363369456,0.09820795788194799,1400.0,500.0,10.0,400.0,400.0,0.0,0.0,3.0,FMQ,Equilibrium
282,70.94542877391922,0.24551989470486996,13.95535081502481,1.6106105092639469,0.05892477472916879,0.7169180925382203,2.1703958691910503,3.3194289764098417,3.8792143363369456,0.09820795788194799,1400.0,500.0,10.0,450.0,450.0,0.0,0.0,3.0,FMQ,Equilibrium
283,70.94542877391922,0.24551989470486996,13.95535081502481,1.6106105092639469,0.05892477472916879,0.7169180925382203,2.1703958691910503,3.3194289764098417,3.8792143363369456,0.09820795788194799,1400.0,500.0,10.0,500.0,500.0,0.0,0.0,3.0,FMQ,Equilibrium
284,70.94542877391922,0.24551989470486996,13.95535081502481,1.6106105092639469,0.05892477472916879,0.7169180925382203,2.1703958691910503,3.3194289764098417,3.8792143363369456,0.09820795788194799,1400.0,500.0,10.0,550.0,550.0,0.0,0.0,3.0,FMQ,Equilibrium
285,70.94542877391922,0.24551989470486996,13.95535081502481,1.6106105092639469,0.05892477472916879,0.7169180925382203,2.1703958691910503,3.3194289764098417,3.8792143363369456,0.09820795788194799,1400.0,500.0,10.0,600.0,600.0,0.0,0.0,3.0,FMQ,Equilibrium
286,70.21403260099221,0.2429887617697682,13.811481218993626,1.5940062772096792,0.058317302824744364,0.7095271843677231,2.1480206540447506,3.2852080591272657,3.8392224359623377,0.09719550470790728,1400.0,500.0,10.0,0.1,0.1,0.0,0.0,4.0,FMQ,Equilibrium
287,70.21403260099221,0.2429887617697682,13.811481218993626,1.5940062772096792,0.058317302824744364,0.7095271843677231,2.1480206540447506,3.2852080591272657,3.8392224359623377,0.09719550470790728,1400.0,500.0,10.0,50.0,50.0,0.0,0.0,4.0,FMQ,Equilibrium
288,70.21403260099221,0.2429887617697682,13.811481218993626,1.5940062772096792,0.058317302824744364,0.7095271843677231,2.1480206540447506,3.2852080591272657,3.8392224359623377,0.09719550470790728,1400.0,500.0,10.0,100.0,100.0,0.0,0.0,4.0,FMQ,Equilibrium
289,70.21403260099221,0.2429887617697682,13.811481218993626,1.5940062772096792,0.058317302824744364,0.7095271843677231,2.1480206540447506,3.2852080591272657,3.8392224359623377,0.09719550470790728,1400.0,500.0,10.0,150.0,150.0,0.0,0.0,4.0,FMQ,Equilibrium
290,70.21403260099221,0.2429887617697682,13.811481218993626,1.5940062772096792,0.058317302824744364,0.7095271843677231,2.1480206540447506,3.2852080591272657,3.8392224359623377,0.09719550470790728,1400.0,500.0,10.0,200.0,200.0,0.0,0.0,4.0,FMQ,Equilibrium
291,70.21403260099221,0.2429887617697682,13.811481218993626,1.5940062772096792,0.058317302824744364,0.7095271843677231,2.1480206540447506,3.2852080591272657,3.8392224359623377,0.09719550470790728,1400.0,500.0,10.0,250.0,250.0,0.0,0.0,4.0,FMQ,Equilibrium
292,70.21403260099221,0.2429887617697682,13.811481218993626,1.5940062772096792,0.058317302824744364,0.7095271843677231,2.1480206540447506,3.2852080591272657,3.8392224359623377,0.09719550470790728,1400.0,500.0,10.0,300.0,300.0,0.0,0.0,4.0,FMQ,Equilibrium
293,70.21403260099221,0.2429887617697682,13.811481218993626,1.5940062772096792,0.058317302824744364,0.7095271843677231,2.1480206540447506,3.2852080591272657,3.8392224359623377,0.09719550470790728,1400.0,500.0,10.0,350.0,350.0,0.0,0.0,4.0,FMQ,Equilibrium
294,70.21403260099221,0.2429887617697682,13.811481218993626,1.5940062772096792,0.058317302824744364,0.7095271843677231,2.1480206540447506,3.2852080591272657,3.8392224359623377,0.09719550470790728,1400.0,500.0,10.0,400.0,400.0,0.0,0.0,4.0,FMQ,Equilibrium
295,70.21403260099221,0.2429887617697682,13.811481218993626,1.5940062772096792,0.058317302824744364,0.7095271843677231,2.1480206540447506,3.2852080591272657,3.8392224359623377,0.09719550470790728,1400.0,500.0,10.0,450.0,450.0,0.0,0.0,4.0,FMQ,Equilibrium
296,70.21403260099221,0.2429887617697682,13.811481218993626,1.5940062772096792,0.058317302824744364,0.7095271843677231,2.1480206540447506,3.2852080591272657,3.8392224359623377,0.09719550470790728,1400.0,500.0,10.0,500.0,500.0,0.0,0.0,4.0,FMQ,Equilibrium
297,70.21403260099221,0.2429887617697682,13.811481218993626,1.5940062772096792,0.058317302824744364,0.7095271843677231,2.1480206540447506,3.2852080591272657,3.8392224359623377,0.09719550470790728,1400.0,500.0,10.0,550.0,550.0,0.0,0.0,4.0,FMQ,Equilibrium
298,70.21403260099221,0.2429887617697682,13.811481218993626,1.5940062772096792,0.058317302824744364,0.7095271843677231,2.1480206540447506,3.2852080591272657,3.8392224359623377,0.09719550470790728,1400.0,500.0,10.0,600.0,600.0,0.0,0.0,4.0,FMQ,Equilibrium
299,69.48263642806522,0.24045762883466645,13.667611622962442,1.5774020451554118,0.05770983092031995,0.7021362761972261,2.1256454388984514,3.2509871418446905,3.7992305355877303,0.09618305153386658,1400.0,500.0,10.0,0.1,0.1,0.0,0.0,5.0,FMQ,Equilibrium
300,69.48263642806522,0.24045762883466645,13.667611622962442,1.5774020451554118,0.05770983092031995,0.7021362761972261,2.1256454388984514,3.2509871418446905,3.7992305355877303,0.09618305153386658,1400.0,500.0,10.0,50.0,50.0,0.0,0.0,5.0,FMQ,Equilibrium
301,69.48263642806522,0.24045762883466645,13.667611622962442,1.5774020451554118,0.05770983092031995,0.7021362761972261,2.1256454388984514,3.2509871418446905,3.7992305355877303,0.09618305153386658,1400.0,500.0,10.0,100.0,100.0,0.0,0.0,5.0,FMQ,Equilibrium
302,69.48263642806522,0.24045762883466645,13.667611622962442,1.5774020451554118,0.05770983092031995,0.7021362761972261,2.1256454388984514,3.2509871418446905,3.7992305355877303,0.09618305153386658,1400.0,500.0,10.0,150.0,150.0,0.0,0.0,5.0,FMQ,Equilibrium
303,69.48263642806522,0.24045762883466645,13.667611622962442,1.5774020451554118,0.05770983092031995,0.7021362761972261,2.1256454388984514,3.2509871418446905,3.7992305355877303,0.09618305153386658,1400.0,500.0,10.0,200.0,200.0,0.0,0.0,5.0,FMQ,Equilibrium
304,69.48263642806522,0.24045762883466645,13.667611622962442,1.5774020451554118,0.05770983092031995,0.7021362761972261,2.1256454388984514,3.2509871418446905,3.7992305355877303,0.09618305153386658,1400.0,500.0,10.0,250.0,250.0,0.0,0.0,5.0,FMQ,Equilibrium
305,69.48263642806522,0.24045762883466645,13.667611622962442,1.5774020451554118,0.05770983092031995,0.7021362761972261,2.1256454388984514,3.2509871418446905,3.7992305355877303,0.09618305153386658,1400.0,500.0,10.0,300.0,300.0,0.0,0.0,5.0,FMQ,Equilibrium
306,69.48263642806522,0.24045762883466645,13.667611622962442,1.5774020451554118,0.05770983092031995,0.7021362761972261,2.1256454388984514,3.2509871418446905,3.7992305355877303,0.09618305153386658,1400.0,500.0,10.0,350.0,350.0,0.0,0.0,5.0,FMQ,Equilibrium
307,69.48263642806522,0.24045762883466645,13.667611622962442,1.5774020451554118,0.05770983092031995,0.7021362761972261,2.1256454388984514,3.2509871418446905,3.7992305355877303,0.09618305153386658,1400.0,500.0,10.0,400.0,400.0,0.0,0.0,5.0,FMQ,Equilibrium
308,69.48263642806522,0.24045762883466645,13.667611622962442,1.5774020451554118,0.05770983092031995,0.7021362761972261,2.1256454388984514,3.2509871418446905,3.7992305355877303,0.09618305153386658,1400.0,500.0,10.0,450.0,450.0,0.0,0.0,5.0,FMQ,Equilibrium
309,69.48263642806522,0.24045762883466645,13.667611622962442,1.5774020451554118,0.05770983092031995,0.7021362761972261,2.1256454388984514,3.2509871418446905,3.7992305355877303,0.09618305153386658,1400.0,500.0,10.0,500.0,500.0,0.0,0.0,5.0,FMQ,Equilibrium
310,69.48263642806522,0.24045762883466645,13.667611622962442,1.5774020451554118,0.05770983092031995,0.7021362761972261,2.1256454388984514,3.2509871418446905,3.7992305355877303,0.09618305153386658,1400.0,500.0,10.0,550.0,550.0,0.0,0.0,5.0,FMQ,Equilibrium
311,69.48263642806522,0.24045762883466645,13.667611622962442,1.5774020451554118,0.05770983092031995,0.7021362761972261,2.1256454388984514,3.2509871418446905,3.7992305355877303,0.09618305153386658,1400.0,500.0,10.0,600.0,600.0,0.0,0.0,5.0,FMQ,Equilibrium
